<?xml version="1.0" encoding="utf-8"?>
<feed xmlns="https://www.w3.org/2005/Atom">

  <title><![CDATA[Category: mysql | Marcus Young]]></title>
  <link href="https://marcyoung.us/blog/categories/mysql/atom.xml" rel="self"/>
  <link href="https://marcyoung.us/"/>
  <updated>2020-05-17T12:52:01+00:00</updated>
  <id>https://marcyoung.us/</id>
  <author>
    <name><![CDATA[Marcus Young]]></name>
    
  </author>
  <generator uri="https://octopress.org/">Octopress</generator>

  
  <entry>
    <title type="html"><![CDATA[Seriously MySQL?]]></title>
    <link href="https://marcyoung.us/post/seriously-mysql/"/>
    <updated>2012-03-28T00:00:00+00:00</updated>
    <id>https://marcyoung.us/post/seriously-mysql</id>
    <content type="html"><![CDATA[<p>I recently discovered one of the most confusing things I&#8217;ve seen in MySQL.<!--more-->. Lets start with this table:</p>

<pre><code>| Table | Create Table      
| blah  | CREATE TABLE 'blah' (
  'id' int(11) NOT NULL,
    'date' datetime NOT NULL
    ) ENGINE=MyISAM DEFAULT CHARSET=latin1 |
</code></pre>

<p>What this means is you have a required date. Let&#8217;s say this is to ENFORCE that date is there and valid (without a default value obviously).Now, what you can expect, is that you cannot force the column to take a default value&#8230;it must be specified, so this is what you&#8217;d expect to see:</p>

<pre><code>mysql&gt; insert into blah set id=1,date=NULL;
ERROR 1048 (23000): Column 'date' cannot be null
</code></pre>

<p>Cool&#8230;that&#8217;s right&#8230;so why does this work?</p>

<pre><code>mysql&gt; update blah set date=NULL where date is not null;
Query OK, 1 row affected, 1 warning (0.00 sec)
Rows matched: 1  Changed: 1  Warnings: 1

 mysql&gt; select * from blah;
 +------+---------------------+
 | id   | date                |
 +------+---------------------+
 |    1 | 0000-00-00 00:00:00 |
 +------+---------------------+
 1 row in set (0.00 sec)
</code></pre>

<p>&#8230;&#8230;&#8230;Huh? It took on a default value, even specified as null?!If that doesn&#8217;t irritate you, what about this?</p>

<pre><code>mysql&gt; insert into blah set id=2;
Query OK, 1 row affected, 1 warning (0.00 sec)

 mysql&gt; select * from blah;
 +------+---------------------+
 | id   | date                |
 +------+---------------------+
 |    1 | 0000-00-00 00:00:00 |
 |    2 | 0000-00-00 00:00:00 |
 +------+---------------------+
 2 rows in set (0.00 sec)
</code></pre>

<p>&#8230;.So, I&#8217;ve specified that it cannot be NULL, but because datetime doesn&#8217;t actually have a NULL datatype, it accepts the NULL datetime of &#8217;0000-00-00 00:00:00&#8242;. This is completely illogical. What&#8217;s worse, I specified NOT NULL, yet wrote an update to set date=NULL, and it passed. According to the MySQL 5 page, it&#8217;s because:</p>

<pre><code>Illegal DATETIME, DATE, or TIMESTAMP values are converted to the “zero” value of the  appropriate type ('0000-00-00 00:00:00' or '0000-00-00').
</code></pre>

<p>That&#8217;s fine and dandy, but the MySQL is ignoring the fact that I set date=NULL where the schema shouldn&#8217;t allow it.</p>
]]></content>
  </entry>
  
</feed>
